id_candidato;nombre;account;date;reply_count;retweet_count;like_count;view_count;text;url
cepeda_ivan;Iván Cepeda Castro;IvanCepedaCast;2026-06-21T19:15:19.000Z;584;2525;25788;256446;QUE NADIE SE QUEDE SIN VOTAR;https://x.com/IvanCepedaCast/status/2068774787288023122
cepeda_ivan;Iván Cepeda Castro;IvanCepedaCast;2026-06-20T23:37:54.000Z;1768;10634;43233;695983;MI INVITACIÓN PARA QUE MAÑANA DEFENDAMOS  LA VIDA;https://x.com/IvanCepedaCast/status/2068478479549473181
cepeda_ivan;Iván Cepeda Castro;IvanCepedaCast;2026-06-20T23:01:19.000Z;471;1931;10871;343935;NOS VEMOS A LAS 7:30 p.m.;https://x.com/IvanCepedaCast/status/2068469272142041096
cepeda_ivan;Iván Cepeda Castro;IvanCepedaCast;2026-06-20T21:20:07.000Z;126;1270;6892;171145;Gracias, querida Sara. Aprecio tu respaldo. Un abrazo.;https://x.com/IvanCepedaCast/status/2068443806265995308
cepeda_ivan;Iván Cepeda Castro;IvanCepedaCast;2026-06-20T15:41:33.000Z;717;3303;13876;395332;Apreciado  @RoyBarreras , gracias por tu respaldo. No olvido los años de trabajo por la paz, las víctimas y la democracia.;https://x.com/IvanCepedaCast/status/2068358599886221360
cepeda_ivan;Iván Cepeda Castro;IvanCepedaCast;2026-06-20T09:00:03.000Z;165;1531;7481;120900;Agradezco y valoro su voto, apreciado Jorge. Un saludo.;https://x.com/IvanCepedaCast/status/2068257559383843046
cepeda_ivan;Iván Cepeda Castro;IvanCepedaCast;2026-06-20T00:41:58.000Z;125;1104;6844;100754;SALUDO EL PACTO POR LA PAZ ELECTORAL SUSCRITO EN AGUACHICA, CESAR;https://x.com/IvanCepedaCast/status/2068132213460263358
cepeda_ivan;Iván Cepeda Castro;IvanCepedaCast;2026-06-19T18:58:54.000Z;257;2379;13714;170608;Gracias, apreciada  @JenniferPedraz . Valoro tu respaldo y tu labor. Un abrazo.;https://x.com/IvanCepedaCast/status/2068045880104571305
cepeda_ivan;Iván Cepeda Castro;IvanCepedaCast;2026-06-19T15:44:23.000Z;532;10360;31337;870663;LUEGO DEL HACKEO, MI VIDEO EN POR LA VENTANA YA ESTÁ DISPONIBLE DE NUEVO;https://x.com/IvanCepedaCast/status/2067996925266100708
cepeda_ivan;Iván Cepeda Castro;IvanCepedaCast;2026-06-19T12:16:16.000Z;1176;3261;8959;248037;SOBRE VINCULACIÓN FORMAL Y LLAMADO A INDAGATORIA DE URIBE  Bogotá D. C., 19 de junio de 2026.- En calidad de actor popular y apoderados en el proceso que la Fiscalía Tercera Delegada ante la Corte Suprema de Justicia adelanta en contra del expresidente de la República Álvaro;https://x.com/IvanCepedaCast/status/2067944551881310377
cepeda_ivan;Iván Cepeda Castro;IvanCepedaCast;2026-06-19T11:15:17.000Z;699;7809;34204;824398;SOBRE EL HACKEO CONTRA MI VIDEO EN POR LA VENTANA   Informo y condeno el hackeo de la cuenta @sancochotrifasico, desde la cual fue eliminado el video del podcast  @porlaventanap  en el que participé.   Este hecho no es aislado: hace parte de una estrategia sistemática de ataques;https://x.com/IvanCepedaCast/status/2067929203731746859
cepeda_ivan;Iván Cepeda Castro;IvanCepedaCast;2026-06-19T02:38:03.000Z;396;4972;19130;192828;Estás son las acciones que demuestran que nuestro pueblo es invencible. Gracias, querido compañero y amigo Germán Navas.;https://x.com/IvanCepedaCast/status/2067799037927891186
cepeda_ivan;Iván Cepeda Castro;IvanCepedaCast;2026-06-19T02:32:28.000Z;135;1778;7554;71913;Le agradezco, apreciado Jorge. Un abrazo.;https://x.com/IvanCepedaCast/status/2067797633494647267
cepeda_ivan;Iván Cepeda Castro;IvanCepedaCast;2026-06-18T19:11:35.000Z;598;5944;28939;570201;HOY ESTARÉ EN POR LA VENTANA A LAS 8:00 pm;https://x.com/IvanCepedaCast/status/2067686680312598947
cepeda_ivan;Iván Cepeda Castro;IvanCepedaCast;2026-06-18T03:59:42.000Z;496;1050;11994;465025;¡Golazo 3!;https://x.com/IvanCepedaCast/status/2067457199866011774
cepeda_ivan;Iván Cepeda Castro;IvanCepedaCast;2026-06-18T03:26:30.000Z;313;800;9406;113400;¡Golazo 2!;https://x.com/IvanCepedaCast/status/2067448844674048272
cepeda_ivan;Iván Cepeda Castro;IvanCepedaCast;2026-06-18T02:54:29.000Z;112;1105;6790;92246;Muchas gracias, apreciado Iván. Un abrazo.;https://x.com/IvanCepedaCast/status/2067440786963107993
cepeda_ivan;Iván Cepeda Castro;IvanCepedaCast;2026-06-18T02:42:11.000Z;938;2295;23770;257542;¡Golazo!;https://x.com/IvanCepedaCast/status/2067437690186871035
cepeda_ivan;Iván Cepeda Castro;IvanCepedaCast;2026-06-17T21:12:23.000Z;139;707;3491;47302;HOY A LAS 6:00 pm;https://x.com/IvanCepedaCast/status/2067354696277270702
cepeda_ivan;Iván Cepeda Castro;IvanCepedaCast;2026-06-17T21:10:37.000Z;123;1092;4882;56198;HOY A LAS 6:00 pm:;https://x.com/IvanCepedaCast/status/2067354250418471266
cepeda_ivan;Iván Cepeda Castro;IvanCepedaCast;2026-06-17T18:39:57.000Z;474;4353;28989;211563;ME COMPLACE EL RESPALDO POLÍTICO DE CLAUDIA Y EL MOVIMIENTO IMPARABLES;https://x.com/IvanCepedaCast/status/2067316334422069709
cepeda_ivan;Iván Cepeda Castro;IvanCepedaCast;2026-06-17T16:38:55.000Z;236;730;2322;74505;EN VIVO: IVÁN CEPEDA CASTRO HACE UN ANUNCIO IMPORTANTE;https://x.com/IvanCepedaCast/status/2067285876577570962
cepeda_ivan;Iván Cepeda Castro;IvanCepedaCast;2026-06-17T14:46:38.000Z;2279;6112;17123;184167;LO QUE ESTÁ EN PELIGRO ES LA DEMOCRACIA Y LA SOBERANÍA   Con serenidad y firmeza, llamo a todas las personas y fuerzas políticas y sociales  a defender en las urnas la Democracia y la soberanía nacional.   De la Espriella ha demostrado que no respeta los más elementales;https://x.com/IvanCepedaCast/status/2067257618523947158
cepeda_ivan;Iván Cepeda Castro;IvanCepedaCast;2026-06-17T04:14:13.000Z;129;2076;4991;62671;Condeno este nuevo atentado contra el concejal del  @PactoCol  en Candelaria, Valle.   Llamo a las autoridades a proteger la vida de nuestros integrantes y dirigentes en todo el país, así como a que investiguen este hecho.;https://x.com/IvanCepedaCast/status/2067098463184069081
cepeda_ivan;Iván Cepeda Castro;IvanCepedaCast;2026-06-17T04:07:32.000Z;2584;6813;19381;870849;BETO CORAL  Expreso mi rechazo absoluto al arresto del creador de contenido en redes sociales,  @Betocoralg .   La Primera Enmienda de la Constitución de EEUU consagra la libertad de expresión. Si la razón de esta captura es la actividad política de Beto Coral se trata de una grave;https://x.com/IvanCepedaCast/status/2067096784724197888
cepeda_ivan;Iván Cepeda Castro;IvanCepedaCast;2026-06-16T21:03:31.000Z;945;3679;13253;236899;COMUNICADO  Iván Cepeda avanza en un acuerdo con personalidades del centro político, económico y social  Bogotá, D. C. 16 de junio de 2026.- El candidato presidencial del Pacto Histórico y la Alianza por la Vida, Iván Cepeda Castro, consolidó el respaldo de empresarios,;https://x.com/IvanCepedaCast/status/2066990077218025740
cepeda_ivan;Iván Cepeda Castro;IvanCepedaCast;2026-06-16T13:28:27.000Z;107;347;1072;24527;“Preguntario” para el domingo. Gloria Arias;https://x.com/IvanCepedaCast/status/2066875556327575574
cepeda_ivan;Iván Cepeda Castro;IvanCepedaCast;2026-06-16T12:17:15.000Z;201;3146;18879;138402;F*cksNews x Iván Cepeda: Firmes Por La Plata   https:// youtu.be/rXM6zntBDlU?si =gmAkhJeF94Yct7MH … vía  @YouTube;https://x.com/IvanCepedaCast/status/2066857634456555602
cepeda_ivan;Iván Cepeda Castro;IvanCepedaCast;2026-06-15T11:19:13.000Z;332;2263;12947;84471;¡GRACIAS, SOLEDAD , ATLÁNTICO!;https://x.com/IvanCepedaCast/status/2066480641940549735
cepeda_ivan;Iván Cepeda Castro;IvanCepedaCast;2026-06-14T22:40:57.000Z;358;4594;15871;314128;F*cksNews x Iván Cepeda: Firmes Por La Plata  https:// youtu.be/rXM6zntBDlU?si =YIA01k8LYIi5wEtO … vía  @YouTube;https://x.com/IvanCepedaCast/status/2066289820184224197
cepeda_ivan;Iván Cepeda Castro;IvanCepedaCast;2026-06-14T21:35:42.000Z;221;846;3182;64386;DESDE SOLEDAD, ATLÁNTICO, HOY PRONUNCIARÉ LA PROCLAMA POR EL PUEBLO COLOMBIANO   Un homenaje a la fuerza de la gente y un llamado de esperanza en nuestro futuro:   https:// youtube.com/live/QAN5X_LVs 5A?feature=share …;https://x.com/IvanCepedaCast/status/2066273399249211417
cepeda_ivan;Iván Cepeda Castro;IvanCepedaCast;2026-06-14T20:34:16.000Z;225;870;3184;33176;DESDE SOLEDAD, ATLÁNTICO, HOY PRONUNCIARÉ LA PROCLAMA POR EL PUEBLO COLOMBIANO  Un homenaje a la fuerza de la gente y un llamado de esperanza en nuestro futuro:;https://x.com/IvanCepedaCast/status/2066257938503606644
cepeda_ivan;Iván Cepeda Castro;IvanCepedaCast;2026-06-14T16:55:54.000Z;3778;2784;12803;593376;INTENCIÓN DE VOTO ENCUESTA CELAG  Presentada hoy.   Ficha técnica e intención de voto:;https://x.com/IvanCepedaCast/status/2066202985525330059
cepeda_ivan;Iván Cepeda Castro;IvanCepedaCast;2026-06-14T10:59:07.000Z;236;640;2165;51766;Hoy estaré en Soledad, Atlántico:   Iván Cepeda cierra campaña presidencial en Bogotá ante miles de personas  https:// youtu.be/Nof06qCu-qQ?si =Mq9IYlcDPW-gn0f1 … vía  @YouTube;https://x.com/IvanCepedaCast/status/2066113196591616011
cepeda_ivan;Iván Cepeda Castro;IvanCepedaCast;2026-06-14T00:41:18.000Z;444;6706;32756;895716;EN FUCKS NEWS;https://x.com/IvanCepedaCast/status/2065957718553215148
cepeda_ivan;Iván Cepeda Castro;IvanCepedaCast;2026-06-13T20:46:03.000Z;340;3589;22248;258419;¡GRACIAS, BOGOTÁ!;https://x.com/IvanCepedaCast/status/2065898518108164187
cepeda_ivan;Iván Cepeda Castro;IvanCepedaCast;2026-06-13T16:57:53.000Z;984;3286;11300;132170;COMUNICADO  Iván Cepeda cerró su campaña en Bucaramanga con multitudinario carnaval en defensa de la vida, el agua y la naturaleza  - Cepeda Castro es el único candidato que ha recibido el respaldo público del Comité para la Defensa del Agua y el Páramo de Santurbán en sus 17;https://x.com/IvanCepedaCast/status/2065841098069516482
cepeda_ivan;Iván Cepeda Castro;IvanCepedaCast;2026-06-13T00:13:50.000Z;284;929;3861;44372;MAÑANA ESTARÉ EN BOGOTÁ;https://x.com/IvanCepedaCast/status/2065588420882157794
cepeda_ivan;Iván Cepeda Castro;IvanCepedaCast;2026-06-12T22:35:08.000Z;140;566;2162;27671;EN BREVE, MI INTERVENCIÓN DESDE BUCARAMANGA    https:// youtube.com/live/KxyQKjUHs Bo?feature=share …;https://x.com/IvanCepedaCast/status/2065563579391123581
cepeda_ivan;Iván Cepeda Castro;IvanCepedaCast;2026-06-12T22:31:38.000Z;758;4032;16478;126144;ESTOY EN BUCARAMANGA EN LA DEFENSA DE SANTURBÁN Y EL AGUA;https://x.com/IvanCepedaCast/status/2065562697484144649
cepeda_ivan;Iván Cepeda Castro;IvanCepedaCast;2026-06-12T15:16:39.000Z;178;1969;6485;77488;Gracias, querido César. Abrazo.;https://x.com/IvanCepedaCast/status/2065453231409348899
cepeda_ivan;Iván Cepeda Castro;IvanCepedaCast;2026-06-12T15:11:58.000Z;524;1841;9061;151926;HOY ESTARÉ EN BUCARAMANGA;https://x.com/IvanCepedaCast/status/2065452052386328949
cepeda_ivan;Iván Cepeda Castro;IvanCepedaCast;2026-06-12T15:11:12.000Z;844;2953;10244;150489;COMUNICADO  Iván Cepeda recibe la adhesión del Movimiento MAIS a la Alianza por la Vida y señala que “no es momento de vacilaciones”  Bogotá, 11 de junio de 2026.- El candidato presidencial Iván Cepeda Castro oficializó la adhesión del Movimiento Alternativo Indígena y Social;https://x.com/IvanCepedaCast/status/2065451859481854236
cepeda_ivan;Iván Cepeda Castro;IvanCepedaCast;2026-06-11T20:46:49.000Z;1467;3544;13092;381282;NO HACEMOS NINGUNA CLASE DE OFRECIMIENTOS  Deseo reiterar la posición oficial de mi campaña: a las ciudadanas y a los ciudadanos no se le fórmula ninguna clase de ofrecimientos a cambio de su voto.   Hago un llamado a todos los dirigentes e integrantes de nuestros comités;https://x.com/IvanCepedaCast/status/2065173934463443206
cepeda_ivan;Iván Cepeda Castro;IvanCepedaCast;2026-06-11T17:03:40.000Z;4612;7515;20220;488520;COMUNICADO  Iván Cepeda presenta denuncia penal ante la Fiscalía y la CPI contra Abelardo de la Espriella  - La denuncia contiene nuevas pruebas de presuntos vínculos del hoy candidato presidencial con la organización narcoparamilitar AUC.  Bogotá, 11 de junio de 2026.- El;https://x.com/IvanCepedaCast/status/2065117776487010661
cepeda_ivan;Iván Cepeda Castro;IvanCepedaCast;2026-06-11T14:03:32.000Z;763;1433;4390;287744;RUEDA DE PRENSA   En breve, intervendré en  rueda de prensa que hemos convocado para hacer importante anuncio:;https://x.com/IvanCepedaCast/status/2065072444986056941
cepeda_ivan;Iván Cepeda Castro;IvanCepedaCast;2026-06-11T04:12:45.000Z;1117;3196;12708;157929;COMUNICADO  Iván Cepeda recibe multitudinario apoyo en Medellín: “Gracias por su valentía y su dignidad”  Medellín, 10 de junio de 2026.- El candidato presidencial del Pacto Histórico y la Alianza por la Vida, Iván Cepeda Castro, fue recibido en Carabobo Norte por miles de;https://x.com/IvanCepedaCast/status/2064923768896565667
cepeda_ivan;Iván Cepeda Castro;IvanCepedaCast;2026-06-11T02:10:59.000Z;225;885;2929;68537;Hoy en Medellín:   EL 21 DE JUNIO VAMOS A GANAR POR LA VIDA;https://x.com/IvanCepedaCast/status/2064893124858560969
cepeda_ivan;Iván Cepeda Castro;IvanCepedaCast;2026-06-10T22:57:31.000Z;361;3327;21412;161793;¡GRACIAS, MEDELLÍN!;https://x.com/IvanCepedaCast/status/2064844438904426740
cepeda_ivan;Iván Cepeda Castro;IvanCepedaCast;2026-06-10T16:49:26.000Z;579;1734;12268;121555;HOY ESTARÉ EN MEDELLÍN;https://x.com/IvanCepedaCast/status/2064751807415349666
cepeda_ivan;Iván Cepeda Castro;IvanCepedaCast;2026-06-10T12:46:13.000Z;2689;5802;26217;878300;FANÁTICO SEGUIDOR DE DE LA ESPRIELLA  ES INTERPELADO POR LA POLICÍA  Desde hace meses viene intentando agredirme, pero ayer fue interpelado por la Policía:;https://x.com/IvanCepedaCast/status/2064690599265976389
cepeda_ivan;Iván Cepeda Castro;IvanCepedaCast;2026-06-09T23:39:51.000Z;2575;6188;19744;269161;ESTAFADOR DE ESTAFADORES   ¿Habrá algún cliente de De la Espriella que no lo haya denunciado por estafarlo?   Él acostumbra a estafar estafadores. Ahora dice que se traslada a la Costa Caribe para “denunciar” la compra de votos. ¿Denunciar o ejecutar la compra?  Quién se dice;https://x.com/IvanCepedaCast/status/2064492704579412362
cepeda_ivan;Iván Cepeda Castro;IvanCepedaCast;2026-06-09T20:44:46.000Z;2988;7858;28766;1160741;AGRESIVO E IRASCIBLE  Sujetos como De la Espriella, son predecibles.   Cuando se les dice la verdad con serenidad y firmeza, reaccionan agresivos e irascibles. Utilizan un lenguaje vulgar, ofenden, intentan hacer daño verbal y, probablemente, físico. No razonan, ponen al;https://x.com/IvanCepedaCast/status/2064448642858053707
cepeda_ivan;Iván Cepeda Castro;IvanCepedaCast;2026-06-09T16:32:38.000Z;5611;10241;37790;1121742;DE LA ESPRIELLA: NO SE ESCONDA DETRÁS DE SU FÓRMULA VICEPRESIDENCIAL  En todas las democracias del mundo, y así ha ocurrido históricamente en Colombia, los debates presidenciales son entre quienes aspiran a ejercer la Presidencia de la República. Son encuentros cara a cara entre;https://x.com/IvanCepedaCast/status/2064385191108382767
cepeda_ivan;Iván Cepeda Castro;IvanCepedaCast;2026-06-09T13:39:40.000Z;415;955;3945;57518;Iván, un mandato por la vida  Gloria Arias;https://x.com/IvanCepedaCast/status/2064341662982086948
cepeda_ivan;Iván Cepeda Castro;IvanCepedaCast;2026-06-09T11:36:52.000Z;454;3107;14432;231196;Muchas gracias, querido Lucho. Valoro y aprecio tu apoyo. Marcaste el comienzo de los gobiernos progresistas en el país y en Bogotá. Reconozco el aporte que has hecho a los derechos laborales y a la búsqueda del bienestar de las y los trabajadores. También a las políticas;https://x.com/IvanCepedaCast/status/2064310756590395588
cepeda_ivan;Iván Cepeda Castro;IvanCepedaCast;2026-06-09T05:10:03.000Z;961;4945;18635;247318;DE LA ESPRIELLA PROPONE ECHAR GASOLINA AL INCENDIO  Sabemos por los pronósticos climáticos que, este año, el fenómeno de El Niño alcanzará una intensidad especialmente fuerte.   Sabemos que el fracking es un método de explotación que agota las reservas de agua, acaba los suelos;https://x.com/IvanCepedaCast/status/2064213414528926020
cepeda_ivan;Iván Cepeda Castro;IvanCepedaCast;2026-06-09T00:03:08.000Z;261;2174;8337;113371;Gracias, querido Vladimir. Valoro y aprecio mucho tu respaldo. Un abrazo.;https://x.com/IvanCepedaCast/status/2064136175124640097
cepeda_ivan;Iván Cepeda Castro;IvanCepedaCast;2026-06-08T23:26:04.000Z;120;815;2239;72663;La fuerza de la vida. Iván Cepeda Castro. Parte IV  https:// youtu.be/MZcfVHdYh90?si =dZ5hVc2OqMSmJz_- … vía  @YouTube;https://x.com/IvanCepedaCast/status/2064126846313095364
cepeda_ivan;Iván Cepeda Castro;IvanCepedaCast;2026-06-08T22:28:46.000Z;265;3978;14513;151130;Gracias, querido Gonzalo. Valoro mucho tu respaldo. Me honra. Un abrazo.;https://x.com/IvanCepedaCast/status/2064112424878301362
cepeda_ivan;Iván Cepeda Castro;IvanCepedaCast;2026-06-08T15:11:34.000Z;4061;10467;32883;1823071;COMUNICADO Bogotá D. C., 8 de junio de 2026.    Me permito informar a la opinión pública que pondré en conocimiento de las autoridades competentes información que he recibido en las últimas horas relacionada con la contienda electoral.   Por distintas vías, se me ha hecho saber;https://x.com/IvanCepedaCast/status/2064002401212703225
cepeda_ivan;Iván Cepeda Castro;IvanCepedaCast;2026-06-08T00:40:58.000Z;3409;5785;32464;2252624;COMUNICADO  Bogotá D. C., 7 de junio de 2026.  Desde el comienzo de la campaña electoral, he respetado estrictamente las reglas democráticas y la transparencia con la que se debe informar a la opinión pública del cumplimiento de las mismas.  En mi condición de candidato;https://x.com/IvanCepedaCast/status/2063783308433977551
cepeda_ivan;Iván Cepeda Castro;IvanCepedaCast;2026-06-07T22:16:39.000Z;4007;5131;15522;2835244;Si no te gusta Colombia, nuestra gente, nuestra cultura y nuestra comida:  ¿POR QUÉ NO TE VAS DEL PAÍS?   https:// youtu.be/cPqFbBOFx_A?si =jQUOcLT9Txm4azRz … vía  @YouTube;https://x.com/IvanCepedaCast/status/2063746989116793289
cepeda_ivan;Iván Cepeda Castro;IvanCepedaCast;2026-06-07T20:23:16.000Z;1407;6063;32294;738613;#MeLaJuegoPorLaVida:;https://x.com/IvanCepedaCast/status/2063718453681250467
cepeda_ivan;Iván Cepeda Castro;IvanCepedaCast;2026-06-07T17:49:06.000Z;897;625;7348;484151;Acabo de desbloquear.;https://x.com/IvanCepedaCast/status/2063679657044500781
cepeda_ivan;Iván Cepeda Castro;IvanCepedaCast;2026-06-07T14:59:43.000Z;2761;8686;31900;2722887;MI MENSAJE AL CENTRO POLÍTICO   Estoy listo a dialogar, como lo he venido haciendo, con sectores del centro político a los cuales respeto y reconozco. Comprendo las críticas, en muchos casos justas, a lo que hemos hecho en estos cuatro años.   Nuestra tarea es, de manera;https://x.com/IvanCepedaCast/status/2063637033134768189
cepeda_ivan;Iván Cepeda Castro;IvanCepedaCast;2026-06-07T13:29:06.000Z;1251;5540;13452;202609;COMUNICADO  Iván Cepeda advierte el peligro para la democracia que representa Abelardo de la Espriella: quiere eliminar 133 instituciones que benefician a la gente  Cali, 6 de junio de 2026.- El candidato presidencial del Pacto Histórico y la Alianza por la Vida, Iván Cepeda;https://x.com/IvanCepedaCast/status/2063614225855938828
cepeda_ivan;Iván Cepeda Castro;IvanCepedaCast;2026-06-07T12:11:48.000Z;159;1078;2940;53262;Mi opción frente a una elección divisiva y decisiva  Rodrigo Uprimny;https://x.com/IvanCepedaCast/status/2063594771919085652
cepeda_ivan;Iván Cepeda Castro;IvanCepedaCast;2026-06-07T02:21:02.000Z;525;4606;12802;163539;Acabo de poner en conocimiento de la autoridad competente este hecho para que se proceda contra ese peligroso individuo.;https://x.com/IvanCepedaCast/status/2063446100866945492
cepeda_ivan;Iván Cepeda Castro;IvanCepedaCast;2026-06-07T02:09:36.000Z;265;2530;14750;100037;¡GRACIAS, CALI!;https://x.com/IvanCepedaCast/status/2063443225986158600
cepeda_ivan;Iván Cepeda Castro;IvanCepedaCast;2026-06-07T00:08:30.000Z;122;602;1900;43743;Llegó la hora  Cristina Nicholls Ocampo;https://x.com/IvanCepedaCast/status/2063412749615661217
cepeda_ivan;Iván Cepeda Castro;IvanCepedaCast;2026-06-06T23:33:48.000Z;85;331;948;25852;Una decisión importante,   @fgutierrezsanin;https://x.com/IvanCepedaCast/status/2063404018521526465
cepeda_ivan;Iván Cepeda Castro;IvanCepedaCast;2026-06-06T20:19:52.000Z;1065;3350;11895;585284;COMUNICADO  Iván Cepeda invita a RCN, Caracol y RTVC a organizar el debate presidencial y denuncia presunta compra de votos de la campaña de Abelardo de la Espriella  Cali, 6 de junio de 2026.- El candidato presidencial del Pacto Histórico y la Alianza por la Vida, Iván Cepeda;https://x.com/IvanCepedaCast/status/2063355212060889413
cepeda_ivan;Iván Cepeda Castro;IvanCepedaCast;2026-06-06T19:01:44.000Z;304;2169;8055;114928;Gracias, apreciado Miguel Ángel. Estoy seguro que harás una rigurosa y excelente labor para contrarrestar cualquier eventual acto de corrupción electoral. Un abrazo.;https://x.com/IvanCepedaCast/status/2063335550766010614
cepeda_ivan;Iván Cepeda Castro;IvanCepedaCast;2026-06-06T17:39:43.000Z;300;1347;6813;65804;HOY ESTOY EN CALI:;https://x.com/IvanCepedaCast/status/2063314908234600855
cepeda_ivan;Iván Cepeda Castro;IvanCepedaCast;2026-06-06T14:27:27.000Z;498;1993;6208;91443;𝐂𝐎𝐌𝐔𝐍𝐈𝐂𝐀𝐃𝐎 Iván Cepeda propuso en Ibagué concertar la transición energética y denunció campaña de manipulación en redes sociales usando inteligencia artificial  “Podemos pactar la transición energética dándole participación al pueblo y dialogando con las grandes;https://x.com/IvanCepedaCast/status/2063266525000212969
cepeda_ivan;Iván Cepeda Castro;IvanCepedaCast;2026-06-06T12:11:12.000Z;1125;5931;20348;300566;EL DESESPERADO  Uribe, el único desesperado es usted. A su hermano, el jefe criminal de Los 12 apóstoles, autor de masacres y torturas contra los campesinos de Yarumal, lo condenaron a 28 años.  ¿En esos crímenes fue cómplice de su hermano?  Y como si fuera poco, usted y su;https://x.com/IvanCepedaCast/status/2063232233188528404
cepeda_ivan;Iván Cepeda Castro;IvanCepedaCast;2026-06-06T01:46:46.000Z;212;1981;10891;78512;¡GRACIAS, MARCHA CARNAVAL DE IBAGUÉ!  Por el agua y la Vida:;https://x.com/IvanCepedaCast/status/2063075091525587083
delaespriella_abelardo;Abelardo De la Espriella;ABDELAESPRIELLA;2026-06-21T23:55:18.000Z;366;2156;7611;178999;¡Gracias, Colombia!  Casi 13 millones de colombianos depositaron su confianza en José Manuel Restrepo, en el Tigre y en este gran sueño llamado Patria Milagro.  Este respaldo histórico nos llena de gratitud, pero también de una enorme responsabilidad. Hoy comienza una nueva etapa;https://x.com/ABDELAESPRIELLA/status/2068845244297134264
delaespriella_abelardo;Abelardo De la Espriella;ABDELAESPRIELLA;2026-06-21T23:51:23.000Z;476;3789;14243;272941;¡Gracias, Colombia!  Casi 13 millones de colombianos depositaron su confianza en José Manuel Restrepo, en el Tigre y en este gran sueño llamado Patria Milagro.  Este respaldo histórico nos llena de gratitud, pero también de una enorme responsabilidad. Hoy comienza una nueva etapa;https://x.com/ABDELAESPRIELLA/status/2068844259919253590
delaespriella_abelardo;Abelardo De la Espriella;ABDELAESPRIELLA;2026-06-21T23:36:55.000Z;467;3609;15331;595881;¡Gracias Colombia!   (A.D.L.E);https://x.com/ABDELAESPRIELLA/status/2068840618638340394
delaespriella_abelardo;Abelardo De la Espriella;ABDELAESPRIELLA;2026-06-21T21:13:04.000Z;621;2735;12530;1016654;Quiero ser recordado como el reconstructor de la Patria, porque Colombia se merece ser lo que esta llamada a ser: una Patria Milagro.  ¡Firme por la Patria!  (A.D.L.E);https://x.com/ABDELAESPRIELLA/status/2068804419940909235
delaespriella_abelardo;Abelardo De la Espriella;ABDELAESPRIELLA;2026-06-21T19:58:29.000Z;182;1464;6988;336028;Al Chocó les digo: ¡el Tigre los va a reivindicar!.  Salgan a votar por la Patria Milagro.  Firme por la Patria.  (A.D.L.E)  #AbelardoPresidente;https://x.com/ABDELAESPRIELLA/status/2068785650816413732
delaespriella_abelardo;Abelardo De la Espriella;ABDELAESPRIELLA;2026-06-21T18:57:51.000Z;76;536;2834;52147;CUMBRIMIENTO DE JORNADA ELECTORAL Y SEGUIMIENTO DE RESULTADOS;https://x.com/ABDELAESPRIELLA/status/2068770390542049439
delaespriella_abelardo;Abelardo De la Espriella;ABDELAESPRIELLA;2026-06-21T18:03:26.000Z;657;5070;21677;269276;Hoy ganan los emprendedores. Hoy ganan las mujeres. Hoy ganan los campesinos. Hoy ganan las familias. Hoy gana la gente trabajadora. Hoy ganan nuestros jóvenes. Hoy ganan nuestros adultos mayores. Hoy ganan los estudiantes y los maestros. Hoy ganan los deportistas. Hoy ganan los;https://x.com/ABDELAESPRIELLA/status/2068756695325577495
delaespriella_abelardo;Abelardo De la Espriella;ABDELAESPRIELLA;2026-06-21T15:38:30.000Z;430;2859;15358;171975;Después de meses recorriendo Colombia, abrazando a nuestra gente, escuchando sus historias y sintiendo de cerca sus esperanzas, vuelvo a lo más importante: mi familia.  Ellos han sido mi fuerza en los momentos difíciles, mi refugio en medio de la batalla y la razón más profunda;https://x.com/ABDELAESPRIELLA/status/2068720220072509860
delaespriella_abelardo;Abelardo De la Espriella;ABDELAESPRIELLA;2026-06-21T13:23:39.000Z;1241;7255;26375;445516;¡Llegó el día!  Hoy se juega el partido más importante de Colombia. Hoy decidimos el futuro de nuestra Patria y el porvenir de nuestros hijos.  Con la ayuda de Dios y el respaldo de millones de colombianos, vamos a ganar esta batalla democrática.  Les pido que salgan temprano a;https://x.com/ABDELAESPRIELLA/status/2068686284386627590
delaespriella_abelardo;Abelardo De la Espriella;ABDELAESPRIELLA;2026-06-21T13:00:33.000Z;210;1211;3974;50191;¡Vamos a jugar este partido!  Salgan a votar temprano, con ardentía y con pasión, para defender esta patria que nos lo ha dado todo.  Para decirles a nuestros hijos y nietos que, cuando el país nos necesitó, ahí estuvimos.  Ponle la raya al Tigre.  ¡Hoy más que nunca estoy firme;https://x.com/ABDELAESPRIELLA/status/2068680471425204284
delaespriella_abelardo;Abelardo De la Espriella;ABDELAESPRIELLA;2026-06-21T03:02:04.000Z;155;1117;3916;40887;Yo no vine a hacer la política de siempre, vine a cambiarla para siempre.  Firme por la Patria.  (A.D.L.E);https://x.com/ABDELAESPRIELLA/status/2068529859924533645
delaespriella_abelardo;Abelardo De la Espriella;ABDELAESPRIELLA;2026-06-21T02:17:17.000Z;108;1002;3026;39085;Quiero que en la Patria Milagro los más necesitados del país materialicen sus sueños y serán una prioridad en la Patria Milagro.   Firme por la Patria.  (A.D.L.E)   #AbelardoPresidente;https://x.com/ABDELAESPRIELLA/status/2068518588156145874
delaespriella_abelardo;Abelardo De la Espriella;ABDELAESPRIELLA;2026-06-21T01:07:50.000Z;195;1841;5288;63948;Ùltimo gran live de Abelardo De La Espriella antes de decidir  el futuro de Colombia en las urnas.;https://x.com/ABDELAESPRIELLA/status/2068501112899170627
delaespriella_abelardo;Abelardo De la Espriella;ABDELAESPRIELLA;2026-06-21T00:15:00.000Z;93;921;2697;36898;Vamos a erradicar la extorsión con un bloque de búsqueda para perseguirlos y castigarlos.  ¡Les caeré con mano de hierro!  Firme por la Patria.  (A.D.L.E);https://x.com/ABDELAESPRIELLA/status/2068487814182752361
delaespriella_abelardo;Abelardo De la Espriella;ABDELAESPRIELLA;2026-06-20T23:23:34.000Z;55;712;2343;26294;Agradezco al expresidente  @vicentefoxque  por su respaldo y por sumarse a quienes creen que Colombia merece una nueva etapa de crecimiento, seguridad y prosperidad.  La libertad y la democracia siguen encontrando aliados en todo el continente.  Firme por México.  Firme por la;https://x.com/ABDELAESPRIELLA/status/2068474873899262166
delaespriella_abelardo;Abelardo De la Espriella;ABDELAESPRIELLA;2026-06-20T21:30:00.000Z;102;750;1983;24976;Nosotros traemos un nuevo orden para el país, en el marco de la Constitución y la ley, para servirle a la gente que más lo necesita.  Firme por la Patria.  (A.D.L.E);https://x.com/ABDELAESPRIELLA/status/2068446291647152530
delaespriella_abelardo;Abelardo De la Espriella;ABDELAESPRIELLA;2026-06-20T19:57:10.000Z;357;2379;6160;83169;"Nada de triunfalismos, el partido se acaba con el pitazo final.   Hoy y mañana nos jugamos la final; vamos a invitar a más indecisos, a más abstencionistas, a los que NUNCA han tenido un Presidente, a que salgan a votar.   Que nadie se quede en casa: todos a madrugar a";https://x.com/ABDELAESPRIELLA/status/2068422929101045875
delaespriella_abelardo;Abelardo De la Espriella;ABDELAESPRIELLA;2026-06-20T18:56:40.000Z;121;1010;2528;34147;Hoy a las 8:00 p.m. #EnVivo por todas mis redes sociales y por  @RevistaSemana : entrevista con  @VickyDavilaH .  ¡Rumbo a la Patria Milagro! Firme por la Patria.  (A.D.L.E);https://x.com/ABDELAESPRIELLA/status/2068407703303528459
delaespriella_abelardo;Abelardo De la Espriella;ABDELAESPRIELLA;2026-06-20T18:08:47.000Z;90;1192;4234;47992;Gracias al expresidente  @mauriciomacri  por su apoyo y por creer en el futuro de Colombia.  Compartimos la convicción de que el progreso se construye con libertad, seguridad y oportunidades para todos.  Firme por Argentina.  Firme por la Patria.   (A.D.L.E);https://x.com/ABDELAESPRIELLA/status/2068395652720054671
delaespriella_abelardo;Abelardo De la Espriella;ABDELAESPRIELLA;2026-06-20T16:38:06.000Z;573;4422;13214;463635;Los que hicieron este video son unos genios.   Y además entendieron algo fundamental: el partido se juega hasta el pitazo final.  No podemos bajar la guardia ni un solo minuto. Cada voto por el Tigre es un gol contra los de siempre.  Por eso hay que salir temprano a votar,;https://x.com/ABDELAESPRIELLA/status/2068372834615751028
delaespriella_abelardo;Abelardo De la Espriella;ABDELAESPRIELLA;2026-06-20T15:00:02.000Z;112;771;2143;24778;Con la ayuda de Dios y la fuerza pública, haré de Colombia un país seguro, próspero y con futuro en la Patria Milagro.  Firme por la Patria.  (A.D.L.E);https://x.com/ABDELAESPRIELLA/status/2068348153322225813
delaespriella_abelardo;Abelardo De la Espriella;ABDELAESPRIELLA;2026-06-20T12:00:01.000Z;214;2721;6344;72373;"A los jóvenes de la primera línea les digo: no se dejen utilizar; mientras ustedes se exponen en las calles, los políticos que están detrás hacen tratos por debajo de la mesa.  En la era del Tigre, si actúan en el marco de la Constitución y la ley, les daré todas las";https://x.com/ABDELAESPRIELLA/status/2068302851504234700
delaespriella_abelardo;Abelardo De la Espriella;ABDELAESPRIELLA;2026-06-20T00:23:06.000Z;413;2852;11849;129908;Recibí la patadita de la buena suerte del legendario Jorge Barón.  ¡Gracias por su apoyo, maestro!  Firme por la Patria.  (A.D.L.E);https://x.com/ABDELAESPRIELLA/status/2068127464723771713
delaespriella_abelardo;Abelardo De la Espriella;ABDELAESPRIELLA;2026-06-19T22:48:31.000Z;107;1232;4537;51721;¡Jessi Uribe es parte de la manada del Tigre!  Firme por la Patria.  (A.D.L.E);https://x.com/ABDELAESPRIELLA/status/2068103661478113643
delaespriella_abelardo;Abelardo De la Espriella;ABDELAESPRIELLA;2026-06-19T20:46:46.000Z;100;1139;3074;31993;En la era del Tigre vamos a recuperar el sistema de salud, para que las mujeres mayores como Ruby, tengan un vejez digna, con todas las garantías.  Este 21 de junio ¡ponle la raya al Tigre!   Firme por la Patria.  (A.D.L.E);https://x.com/ABDELAESPRIELLA/status/2068073025128317280
delaespriella_abelardo;Abelardo De la Espriella;ABDELAESPRIELLA;2026-06-19T17:31:46.000Z;725;4206;10502;141896;Esto se gana hasta que se gana.  No podemos confiarnos ni un solo minuto. Hemos llegado muy lejos gracias al esfuerzo de millones de colombianos, pero el partido solo termina cuando el árbitro pita el final.  Por eso les pido que este 21 de junio salgan a votar temprano, lleven a;https://x.com/ABDELAESPRIELLA/status/2068023951364587858
delaespriella_abelardo;Abelardo De la Espriella;ABDELAESPRIELLA;2026-06-19T16:35:54.000Z;886;2697;8975;212313;¡Costeño vota costeño!  Los invito a unir más bolivarenses a la manada, porque en mi gobierno su departamento tendrá un lugar especial.   Firme por Bolívar y Firme por la Patria.  (A.D.L.E);https://x.com/ABDELAESPRIELLA/status/2068009890061181375
delaespriella_abelardo;Abelardo De la Espriella;ABDELAESPRIELLA;2026-06-19T12:13:35.000Z;148;1332;3169;32650;Fortaleceré la seguridad en los barrios con tecnología de punta y el acompañamiento de la Reserva, para que las familias salgan tranquilos de sus casas.  Firme por la Patria.;https://x.com/ABDELAESPRIELLA/status/2067943877441470943
delaespriella_abelardo;Abelardo De la Espriella;ABDELAESPRIELLA;2026-06-19T11:30:44.000Z;169;2313;4651;92459;Kelyn González, actual y re electa  representante a la Camara liberal del Magdalena, y Rodrigo Roncallo, han sido encargados de torcer la democracia a favor de Cepeda en el Magdalena.  @DeputySecState    (A.D.L.E);https://x.com/ABDELAESPRIELLA/status/2067933094095569110
delaespriella_abelardo;Abelardo De la Espriella;ABDELAESPRIELLA;2026-06-19T00:41:43.000Z;108;949;2555;33025;Respetaremos el Estado de derecho y cumpliremos la ley.  Firme por la Patria. (A.D.L.E);https://x.com/ABDELAESPRIELLA/status/2067769763607023893
delaespriella_abelardo;Abelardo De la Espriella;ABDELAESPRIELLA;2026-06-18T23:58:46.000Z;61;496;1313;27802;¡EN VIVO! Abelardo De La Espriella y José Manuel Restrepo en entrevista sin filtros con El Tiempo;https://x.com/ABDELAESPRIELLA/status/2067758956257185835
delaespriella_abelardo;Abelardo De la Espriella;ABDELAESPRIELLA;2026-06-18T23:27:36.000Z;750;3548;10254;1018585;Qué alegría compartir con grandes exponentes de la música popular colombiana.  Gracias por su cariño, por su respaldo y por demostrar que esta causa une a colombianos de todos los rincones y de todos los sectores. Ustedes también hacen parte de esta gran manada que sueña con una;https://x.com/ABDELAESPRIELLA/status/2067751110983795062
delaespriella_abelardo;Abelardo De la Espriella;ABDELAESPRIELLA;2026-06-18T18:13:32.000Z;644;3616;11495;552140;¡Viva la libertad, carajo!  Agradezco profundamente el respaldo y las palabras de aliento del presidente de Argentina, Javier Milei.  Estoy convencido de que un León en Argentina y un Tigre en Colombia pueden ayudar a construir una Latinoamérica más fuerte, más libre y con más;https://x.com/ABDELAESPRIELLA/status/2067672074643275921
delaespriella_abelardo;Abelardo De la Espriella;ABDELAESPRIELLA;2026-06-18T16:20:47.000Z;286;1298;4021;417015;Otro más a la lista, querido  @DeputySecState : el impresentable Mario Urán. (A.D.L.E);https://x.com/ABDELAESPRIELLA/status/2067643699010388074
delaespriella_abelardo;Abelardo De la Espriella;ABDELAESPRIELLA;2026-06-18T15:11:19.000Z;387;3361;7907;87067;Hay una verdad que los colombianos no pueden ignorar: cuando los criminales dejan de servir a los intereses del poder, entonces sí aparecen las órdenes para combatirlos.  Durante años nos vendieron una supuesta paz mientras los grupos armados crecían, se fortalecían y expandían;https://x.com/ABDELAESPRIELLA/status/2067626216207560714
delaespriella_abelardo;Abelardo De la Espriella;ABDELAESPRIELLA;2026-06-18T11:51:53.000Z;572;2875;7760;120340;La libertad en las Américas necesita liderazgos fuertes, decididos, independientes, valientes, patrióticos.  Compartiremos, usted y yo, una responsabilidad que nos conceden Dios y el Pueblo: combatir a la izquierda radical que busca destruir los valores sobre los cuales reposan;https://x.com/ABDELAESPRIELLA/status/2067576030248779871
delaespriella_abelardo;Abelardo De la Espriella;ABDELAESPRIELLA;2026-06-18T00:02:12.000Z;262;2150;5407;103713;#ColombiaGanaConElTigre   Lo he dado todo en esta campaña. Me he puesto la 10 por la Patria Milagro y he dejado el alma en cada ciudad, en cada pueblo y en cada rincón de Colombia.  Pero este partido nunca lo he jugado solo. El verdadero equipo ha sido el pueblo colombiano.;https://x.com/ABDELAESPRIELLA/status/2067397429897347488
delaespriella_abelardo;Abelardo De la Espriella;ABDELAESPRIELLA;2026-06-17T19:11:16.000Z;120;1075;2750;33638;Vinimos a renovar las fuerzas del pueblo colombiano y a llenarlo de esperanza.  Hemos renovado el patriotismo mientras presentamos propuestas serias para construir una Patria Milagro.  Firme por la Patria.  (A.D.L.E);https://x.com/ABDELAESPRIELLA/status/2067324214160347283
delaespriella_abelardo;Abelardo De la Espriella;ABDELAESPRIELLA;2026-06-17T18:28:03.000Z;66;409;1088;25924;¡EN VIVO! Abelardo De La Espriella y José Manuel Restrepo en entrevista con Juan Roberto Vargas  https:// x.com/i/broadcasts/1 qxoNNkBnDZJv …;https://x.com/ABDELAESPRIELLA/status/2067313338368106633
delaespriella_abelardo;Abelardo De la Espriella;ABDELAESPRIELLA;2026-06-17T17:35:48.000Z;49;361;1191;25868;En minutos #EnVivo con  @NoticiasCaracol .   Entra ya a mis redes sociales y conéctate rumbo a la Patria Milagro.  Firme por la Patria.;https://x.com/ABDELAESPRIELLA/status/2067300188729831520
delaespriella_abelardo;Abelardo De la Espriella;ABDELAESPRIELLA;2026-06-17T15:26:49.000Z;371;3962;8362;83340;Lo que está ocurriendo es extremadamente grave.  A pocos días de la elección definitiva para la Presidencia de Colombia, Gustavo Petro ordena a la Fuerza Pública cesar operaciones contra estructuras narcoterroristas y criminales, una decisión que genera enormes preocupaciones;https://x.com/ABDELAESPRIELLA/status/2067267729992597846
delaespriella_abelardo;Abelardo De la Espriella;ABDELAESPRIELLA;2026-06-17T13:12:45.000Z;447;3614;10611;100434;Colombianos en el exterior: hay que seguir multiplicando los votos. Los invito a salir masivamente a votar para consolidar la Patria Milagro.  Firme por la Patria.  (A.D.L.E);https://x.com/ABDELAESPRIELLA/status/2067233990277202288
delaespriella_abelardo;Abelardo De la Espriella;ABDELAESPRIELLA;2026-06-17T12:16:54.000Z;93;1200;3502;88668;¡Que belleza! Gracias (A.D.L.E);https://x.com/ABDELAESPRIELLA/status/2067219937186160993
delaespriella_abelardo;Abelardo De la Espriella;ABDELAESPRIELLA;2026-06-17T00:21:53.000Z;315;3481;8237;97089;Si Petro no reconoce los resultados en segunda vuelta, como no lo ha hecho en la primera jornada, se cae el velo por completo y queda al desnudo un autócrata, un tirano en ciernes.  El Ejército de la Patria deberá, conforme a la Constitución, restablecer el orden.   Firme por la;https://x.com/ABDELAESPRIELLA/status/2067039994808582509
delaespriella_abelardo;Abelardo De la Espriella;ABDELAESPRIELLA;2026-06-16T23:24:03.000Z;362;3974;11137;99287;Hace 11 meses emprendí un camino que me cambió la vida.  Recorrí Colombia de punta a punta, conocí historias que me inspiraron, abracé a miles de compatriotas y confirmé que esta Patria está llena de gente buena que jamás ha dejado de creer.  Cada sonrisa, cada palabra de aliento;https://x.com/ABDELAESPRIELLA/status/2067025442700144905
delaespriella_abelardo;Abelardo De la Espriella;ABDELAESPRIELLA;2026-06-16T23:02:51.000Z;69;534;1487;42893;¡ATENCIÓN! Abelardo De La Espriella está EN VIVO con Néstor Morales;https://x.com/ABDELAESPRIELLA/status/2067020107201888401
delaespriella_abelardo;Abelardo De la Espriella;ABDELAESPRIELLA;2026-06-16T21:46:18.000Z;74;521;1649;26359;Hoy a las 6:00 p.m. conéctate a todas mis redes sociales y sigue la entrevista #EnVivo para  @BluRadioCo , con  @NestorMoralesC .  Firme por la Patria.  (A.D.L.E);https://x.com/ABDELAESPRIELLA/status/2067000842822078605
delaespriella_abelardo;Abelardo De la Espriella;ABDELAESPRIELLA;2026-06-16T17:59:35.000Z;551;2929;7856;255419;Ahora sí te acordaste de los caleños y de los vallecaucanos, ¿por qué será?  Porque les arrebataste su sueño del Tren de Cercanías. Los dejaste solos, sin acueducto ni dragado en Buenaventura. Les cortaste las alas con el deporte, en lo que son los mejores. Le bajaste el telón a;https://x.com/ABDELAESPRIELLA/status/2066943789126894044
delaespriella_abelardo;Abelardo De la Espriella;ABDELAESPRIELLA;2026-06-16T15:13:32.000Z;925;3315;10573;329954;Mientras Cepeda hace lo que ha hecho durante toda su vida política: sustentar su carrera en denuncias falsas, señalamientos infundados y mentiras, yo sigo enfocado en trabajar por Colombia, como caballo cochero, rumbo a la Patria Milagro.  Para que no pierda el tiempo conmigo, le;https://x.com/ABDELAESPRIELLA/status/2066901997933019549
delaespriella_abelardo;Abelardo De la Espriella;ABDELAESPRIELLA;2026-06-16T13:27:55.000Z;542;3581;10192;453270;Habrá buenas noticias para Colombia y para los colombianos patriotas en el exterior. Dura lex, sed lex… Coming soon. (A.D.L.E);https://x.com/ABDELAESPRIELLA/status/2066875419698102556
delaespriella_abelardo;Abelardo De la Espriella;ABDELAESPRIELLA;2026-06-21T23:55:18.000Z;550;3058;10752;233633;¡Gracias, Colombia!  Casi 13 millones de colombianos depositaron su confianza en José Manuel Restrepo, en el Tigre y en este gran sueño llamado Patria Milagro.  Este respaldo histórico nos llena de gratitud, pero también de una enorme responsabilidad. Hoy comienza una nueva etapa;https://x.com/ABDELAESPRIELLA/status/2068845244297134264
delaespriella_abelardo;Abelardo De la Espriella;ABDELAESPRIELLA;2026-06-21T23:51:23.000Z;627;4814;19025;344630;¡Gracias, Colombia!  Casi 13 millones de colombianos depositaron su confianza en José Manuel Restrepo, en el Tigre y en este gran sueño llamado Patria Milagro.  Este respaldo histórico nos llena de gratitud, pero también de una enorme responsabilidad. Hoy comienza una nueva etapa;https://x.com/ABDELAESPRIELLA/status/2068844259919253590
delaespriella_abelardo;Abelardo De la Espriella;ABDELAESPRIELLA;2026-06-21T23:36:55.000Z;503;3960;16909;624415;¡Gracias Colombia!   (A.D.L.E);https://x.com/ABDELAESPRIELLA/status/2068840618638340394
delaespriella_abelardo;Abelardo De la Espriella;ABDELAESPRIELLA;2026-06-21T21:13:04.000Z;633;2810;12868;1026887;Quiero ser recordado como el reconstructor de la Patria, porque Colombia se merece ser lo que esta llamada a ser: una Patria Milagro.  ¡Firme por la Patria!  (A.D.L.E);https://x.com/ABDELAESPRIELLA/status/2068804419940909235
delaespriella_abelardo;Abelardo De la Espriella;ABDELAESPRIELLA;2026-06-21T19:58:29.000Z;183;1471;7072;342113;Al Chocó les digo: ¡el Tigre los va a reivindicar!.  Salgan a votar por la Patria Milagro.  Firme por la Patria.  (A.D.L.E)  #AbelardoPresidente;https://x.com/ABDELAESPRIELLA/status/2068785650816413732
