id_candidato;Candidato;tiktok_username;tiktok_followers;tiktok_fecha_captura;twitter_username;twitter_followers;twitter_fecha_captura;facebook_username;facebook_followers;facebook_fecha_captura
COL-05001-010;Albert Yordano Corredor Bustamante;albertcorredor_;11975.0;2026-06-15 21:40;AlbertCorredor;24068;2026-06-15 21:54;albertyordanocorredor;18000.0;2026-06-15 21:11
COL-08433-007;Alcira Paola Sandoval Ibañez;alcirasandovali;1476.0;2026-06-15 21:40;alcirasandovali;623;2026-06-15 21:54;alcira.sandoval.56679;19000.0;2026-06-15 21:11
COL-08001-002;Alejandro Char Chaljub;alejandrocharch;294793.0;2026-06-15 21:40;AlejandroChar;499679;2026-06-15 21:54;AlejandroCharCh;465000.0;2026-06-15 21:11
COL-76001-002;Alvaro Alejandro Eder Garces;alejoeder;116508.0;2026-06-15 21:40;alejoeder;71217;2026-06-15 21:54;alejoederg;168000.0;2026-06-15 21:11
COL-50001-005;Alexander Baquero Sanabria;alexander.baquero2;1176.0;2026-06-15 21:40;AlexBaqueroS;5416;2026-06-15 21:54;AlexBaqueroSa;43000.0;2026-06-15 21:11
COL-44001-004;Eriberto Antonio Ibarra Campo;eribertoibarrac;385.0;2026-06-15 21:40;betoibarra2020;5;2026-06-15 21:54;eribertoibarrac;1200.0;2026-06-15 21:11
COL-25754-008;Gloria Betty Zorro Africano;betty.zorro;449.0;2026-06-15 21:40;BettyZorro;2708;2026-06-15 21:54;BettyZorroA;12000.0;2026-06-15 21:11
COL-08001-005;Antonio Eduardo Bohorquez Collazos;antonio_bohorquez;8748.0;2026-06-15 21:40;bohorquezesova;2037;2026-06-15 21:54;antonio.e.collazos;7000.0;2026-06-15 21:11
COL-20001-008;Camilo Andres Quiroz Hinojosa;camiloquirozh;3209.0;2026-06-15 21:40;camiloquirozh;4270;2026-06-15 21:54;CamiloQuirozHinojosa;1500.0;2026-06-15 21:11
COL-11001-005;Carlos Fernando Galan Pachon;carlosfgalan;273442.0;2026-06-15 21:40;CarlosFGalan;645559;2026-06-15 21:54;carlosfgalan;199000.0;2026-06-15 21:11
COL-68001-008;Carlos Felipe Parra Rojas;carlosparrabga;78021.0;2026-06-15 21:40;CarlosParraBUC;14371;2026-06-15 21:54;CarlosParraBUC;216000.0;2026-06-15 21:11
COL-47001-002;Carlos Alberto Pinedo Cuello;carlosapinedocuello;2967.0;2026-06-15 21:40;CarlosPinedoC;13088;2026-06-15 21:54;CarlosAlbertoPinedoCuello;13000.0;2026-06-15 21:11
COL-20001-005;Christian Jose Moreno Villamizar;christianjmoreno;2273.0;2026-06-15 21:40;CJoseMoreno;29196;2026-06-15 21:54;cristianjosemorenovillamizar;10000.0;2026-06-15 21:11
COL-68081-003;Claudia Patricia Andrade Gonzalez;claudiaandradegonzalez;1076.0;2026-06-15 21:40;Claudia1Andrade;218;2026-06-15 21:54;Claudia.Andrade.2022;7000.0;2026-06-15 21:11
COL-68001-003;Consuelo Ordoñez de Rincon;consueloberraca;1165.0;2026-06-15 21:40;consuelordonez;6077;2026-06-15 21:54;ConsueloBerraca;1500.0;2026-06-15 21:11
COL-76001-009;Danis Antonio Renteria Chala;danis_renteria;940.0;2026-06-15 21:40;DanisRenteria;4029;2026-06-15 21:54;DanisRenteriaChala;14000.0;2026-06-15 21:11
COL-25754-009;Dany Rene Caicedo Vasquez;dannycaiced0;9159.0;2026-06-15 21:40;dannycaiced;872;2026-06-15 21:54;dannycaicedosoacha;19000.0;2026-06-15 21:11
COL-76001-010;Deninson Mendoza Ramos;deninsonmendoza;24805.0;2026-06-15 21:40;deninsonmendoza;5960;2026-06-15 21:54;deninsonmendoza;4500.0;2026-06-15 21:11
COL-11001-002;Diego Andres Molano Aponte;diegomolanoa;19727.0;2026-06-15 21:40;Diego_Molano;165958;2026-06-15 21:54;DiegoMolanoAponte;47000.0;2026-06-15 21:11
COL-05151-003;Diego Leon Torres Sanchez;diegotorresitagui;4085.0;2026-06-15 21:40;DiegoTItagui;1309;2026-06-15 21:54;diegoTItagui;8400.0;2026-06-15 21:11
COL-13001-012;Dumek Jose Turbay Paz;dumek_turbay;40013.0;2026-06-15 21:40;dumek_turbay;60344;2026-06-15 21:54;DumekTurbayP;271000.0;2026-06-15 21:11
COL-11001-001;Jorge Luis Vargas Valencia;general_vargas;12115.0;2026-06-15 21:40;ElGeneralVargas;5040;2026-06-15 21:54;ElGeneralVargas;10000.0;2026-06-15 21:11
COL-68081-006;Elkin David Bueno Altahona;elkin.david.bueno;961.0;2026-06-15 21:40;elkindavidbueno;3526;2026-06-15 21:54;elkindavidbueno;16000.0;2026-06-15 21:11
COL-15001-009;Mikhail Krasnov;proferusoalcalde;67720.0;2026-06-15 21:40;ElRusoAlcalde;11046;2026-06-15 21:54;profesor.mijael.krasnov;14000.0;2026-06-15 21:11
COL-08433-008;Elvira Patricia Gutierrez Hernandez;evragutierrez;16994.0;2026-06-15 21:40;elviragh_;366;2026-06-15 21:54;elviragutierrezsoledad;5500.0;2026-06-15 21:11
COL-54001-014;Emerson Meneses Gonzalez;emersonmenesesg;1542.0;2026-06-15 21:40;emersonmenesesg;4659;2026-06-15 21:54;emersonmenesesgonzalez;5800.0;2026-06-15 21:11
COL-20001-007;Ernesto Miguel Orozco Duran;ernestoorozcod;2996.0;2026-06-15 21:40;ErnestoOrozcoD;17531;2026-06-15 21:54;ErnestoMOrozcoD;13000.0;2026-06-15 21:11
COL-68001-002;Edinson Fabian Oviedo Pinzon;fabian_oviedop;4726.0;2026-06-15 21:40;FabianOviedoP;3236;2026-06-15 21:54;FabianOviedoP;25000.0;2026-06-15 21:11
COL-05001-001;Federico Andres Gutierrez Zuluaga;ficogutierrez;425002.0;2026-06-15 21:40;FicoGutierrez;1211301;2026-06-15 21:54;FicoGutierrezZ;;
COL-54001-010;Juan Carlos Garcia Herreros Cabrera;juancarlosgarciaherreros;1018.0;2026-06-15 21:40;GarciaHerrerosJ;490;2026-06-15 21:54;juancarlosgarciaherreros;21000.0;2026-06-15 21:11
COL-44001-003;Genaro David Redondo Choles;genaroredondocholes;5911.0;2026-06-15 21:40;GenaroRedondoC;1464;2026-06-15 21:54;GenaroRedondoC;14000.0;2026-06-15 21:11
COL-41001-007;German Casagua Bonilla;germancasaguab;27820.0;2026-06-15 21:40;germancasaguab;2185;2026-06-15 21:54;Germancasaguab;53000.0;2026-06-15 21:11
COL-11001-006;Gustavo Bolivar Moreno;gustavobolivarmoreno;337634.0;2026-06-15 21:40;GustavoBolivar;1732913;2026-06-15 21:54;gustavoBolivarSenador;510000.0;2026-06-15 21:11
COL-76520-003;Hector Fabio Velasco Hernandez;hectorfabiovelascohe;2247.0;2026-06-15 21:40;hectorfabio_;435;2026-06-15 21:54;hectorfabio.velascohernandez.5;6700.0;2026-06-15 21:11
COL-05045-004;Hector Rangel Palacios Rodriguez;hectorrangelp;1012.0;2026-06-15 21:40;HectorRangelPal;113;2026-06-15 21:54;hectorrangelpalacios;22000.0;2026-06-15 21:11
COL-25754-007;Heiner de Jesus Gaitan Parra;heinergaitan_;2890.0;2026-06-15 21:40;HeinerGaitan;9599;2026-06-15 21:54;GaitanParraHeiner;20000.0;2026-06-15 21:11
COL-08433-001;Jose Joao Herrera Iranzo;joao_herrera;710.0;2026-06-15 21:40;herrerajoao1;10617;2026-06-15 21:54;herrerajoao1;21000.0;2026-06-15 21:11
COL-68001-015;Horacio Jose Serpa Moncada;horaciojserpa;6195.0;2026-06-15 21:40;horaciojserpa;42875;2026-06-15 21:54;horaciojserpa;49000.0;2026-06-15 21:11
COL-50001-016;Irina Colette Salas Londoño;irinacsalas;1068.0;2026-06-15 21:40;IrinaSalasL;1888;2026-06-15 21:54;IrinaSalasL;11000.0;2026-06-15 21:11
COL-68001-013;Jaime Calderon Herrera;medicojaimecalderon;2742.0;2026-06-15 21:40;jaimecalde50;1475;2026-06-15 21:54;jaime.calderon.319247;6100.0;2026-06-15 21:11
COL-63001-013;James Padilla Garcia;jamespadillag;1215.0;2026-06-15 21:40;jamespadillag;400;2026-06-15 21:54;JamesPadillaGar;;
COL-13001-010;Javier Julio Bejarano;javierjuliob;10699.0;2026-06-15 21:40;javierjuliob;3641;2026-06-15 21:54;javierjuliob;72000.0;2026-06-15 21:11
COL-11001-008;Juan Daniel Oviedo Arango;jdoviedoar;472075.0;2026-06-15 21:40;JDOviedoAr;175829;2026-06-15 21:54;JDOviedoAr;272000.0;2026-06-15 21:11
COL-11001-009;Jorge Enrique Robledo Castillo;jerobledo;71231.0;2026-06-15 21:40;JERobledo;1216430;2026-06-15 21:54;jorge.robledo.castillo;443000.0;2026-06-15 21:11
COL-68276-007;Jhair Andres Manrique Bautista;jhair.manrique;97.0;2026-06-15 21:40;JhairManrique;340;2026-06-15 21:54;jhair.manrique;5300.0;2026-06-15 21:11
COL-73001-007;Johana Ximena Aranda Rivera;johanaaranda_;53705.0;2026-06-15 21:40;johanaaranda_;4563;2026-06-15 21:54;johanaarandar;55000.0;2026-06-15 21:11
COL-73001-001;Jorge Bolivar Torres;jorgebolivaribague;2050.0;2026-06-15 21:40;JORGE_BOLIVAR;2801;2026-06-15 21:54;jorgebolivaribague;11000.0;2026-06-15 21:11
COL-54001-011;Jorge Enrique Acevedo Peñaloza;jorgeacevedooficial;198329.0;2026-06-15 21:40;Jorgeacevedocuc;6252;2026-06-15 21:54;jorgeacevedooficial;221000.0;2026-06-15 21:11
COL-47001-001;Jorge Luis Agudelo Apreza;jorgeagudeloa;374.0;2026-06-15 21:40;JorgeAgudeloA;5228;2026-06-15 21:54;jorgeagudeloapreza;9200.0;2026-06-15 21:11
COL-17001-001;Jorge Eduardo Rojas Giraldo;jorgeeduardorojas0;4116.0;2026-06-15 21:40;JorgeERojasG;13698;2026-06-15 21:54;Jorge.Eduardo.Rojas.Giraldo;;
COL-73001-005;Jose Hildebrando Barreto Castillo;josebarretoc;748.0;2026-06-15 21:40;JoseBarretoIbag;1013;2026-06-15 21:54;jose.barreto.ibague;7900.0;2026-06-15 21:11
COL-68276-004;Jose Fernando Sanchez Carvajal;josefernandosanchezc;896.0;2026-06-15 21:40;JoseFsanchezc;2390;2026-06-15 21:54;JoseFernandoSanchezOficial;26000.0;2026-06-15 21:11
COL-13001-009;Jose Luis Osorio Galvis;joseosoriogalvis;5047.0;2026-06-15 21:40;JoseOsorioG;4547;2026-06-15 21:54;joseluisosoriogalviis;10000.0;2026-06-15 21:11
COL-68081-005;Jonathan Stivel Vasquez Gomez;jonathanvasquezgomez;937.0;2026-06-15 21:40;Jsvasquezg;1375;2026-06-15 21:54;JonathanVasquezColombia;;
COL-50001-003;Juan Camilo Chavez Niño;juancamilochavez;8991.0;2026-06-15 21:40;juancachavezn;1845;2026-06-15 21:54;Juancachavezn;108000.0;2026-06-15 21:11
COL-19001-010;Juan Carlos Muñoz Bravo;juancarlosmunoz_acp;913.0;2026-06-15 21:40;JuanCarlosM_B;547;2026-06-15 21:54;juancarlosmunozacp;8100.0;2026-06-15 21:11
COL-05001-012;Juan Carlos Upegui Vanegas;juancaupeguiv;106548.0;2026-06-15 21:40;JuanCaUpeguiV;71517;2026-06-15 21:54;juancaupeguiv;21000.0;2026-06-15 21:11
COL-25754-006;Victor Julian Sanchez Acosta;julianperico;5801.0;2026-06-15 21:40;JulianPericoJr;6084;2026-06-15 21:54;JulianPericoJr;42000.0;2026-06-15 21:11
COL-23001-008;Hugo Fernando Kerguelen Garcia;hugokerguelen;101950.0;2026-06-15 21:40;kerguelenhugo;15004;2026-06-15 21:54;hugokerguelengarcia;95000.0;2026-06-15 21:11
COL-76520-009;Griselda Janeth Restrepo Gallego;lavallecaucana;845.0;2026-06-15 21:40;LaVallecaucana;6830;2026-06-15 21:54;LaVallecaucana;20000.0;2026-06-15 21:11
COL-05151-005;Leon Mario Bedoya Lopez;leonmariobedoya;11825.0;2026-06-15 21:40;LEONBEDOYA;5314;2026-06-15 21:54;LeonMarioBedoyaLopez;;
COL-76109-010;Libia Mosquera Viveros;libiamosquerav;972.0;2026-06-15 21:40;libiamosquerav;1859;2026-06-15 21:54;libia.mosqueraviveros;120000.0;2026-06-15 21:11
COL-76109-015;Ligia del Carmen Cordoba Martinez;ligia_del_carmen1;885.0;2026-06-15 21:40;LigiadelcarmenC;401;2026-06-15 21:54;LigiadelCarmenCordoba;14000.0;2026-06-15 21:11
COL-20001-002;Lina Maria de Armas Daza;linadearmas10;3362.0;2026-06-15 21:40;linadearmas;10924;2026-06-15 21:54;linamardearmas;15000.0;2026-06-15 21:11
COL-05049-003;Yulieth Lorena Gonzalez Ospina;lore_gonzalezospina;10468.0;2026-06-15 21:40;Lore_GonzalezOs;912;2026-06-15 21:54;lorenagonzalezospina;18000.0;2026-06-15 21:11
COL-41001-002;Edinson Amin Losada Perdomo;aminlosadaperdomo;1849.0;2026-06-15 21:40;LosadaAmin;4;2026-06-15 21:54;aminlosadaparaservirle;9200.0;2026-06-15 21:11
COL-66001-001;Maicol Lopera Cardona;maicolopera;2367.0;2026-06-15 21:40;maicolopera;2208;2026-06-15 21:54;maicolopera;28000.0;2026-06-15 21:11
COL-73001-006;Marco Emilio Hincapie Ramirez;marco_hincapie;5849.0;2026-06-15 21:40;marcoemiliohr;4331;2026-06-15 21:54;MarcoHincapieR;36000.0;2026-06-15 21:11
COL-13001-011;Judith del Carmen Pinedo Florez;judithpinedo_;3661.0;2026-06-15 21:40;MariamulataCTG;4351;2026-06-15 21:54;p;;
COL-52001-004;Mario Ernesto Enriquez Chenas;Marioenriquezchenas;6895.0;2026-06-15 21:40;Marioenriquez83;2885;2026-06-15 21:54;marioernesto.enriquezchenas;7800.0;2026-06-15 21:11
COL-54001-007;Mario Vicente Figueroa Fernandez;mario_figueroa015;6716.0;2026-06-15 21:40;mariofigueroaf;199;2026-06-15 21:54;mario.figueroafernandez.756;12000.0;2026-06-15 21:11
COL-66001-003;Martha Isabel Alzate Hincapie;marthaalzateh;86.0;2026-06-15 21:40;MarthaAlzate_;;;marthaisabel.alzatehincapie.5;1900.0;2026-06-15 21:11
COL-76001-005;Miyerlandi Torres Agredo;miyerlandit;4914.0;2026-06-15 21:40;MiyerlandiT;34771;2026-06-15 21:54;MiyerlandiTorresA;20000.0;2026-06-15 21:11
COL-20001-006;Miguel Antonio Morales Campo;miguelmoraleslavoz;450231.0;2026-06-15 21:40;mmoraleslavoz;11254;2026-06-15 21:54;MiguelMoralesOficial;686000.0;2026-06-15 21:11
COL-66001-006;Mauricio Salazar Pelaez;mauriciosalazarpelaez;76215.0;2026-06-15 21:40;MSalazar2014;1464;2026-06-15 21:54;mauriciosalazarpelaez;153000.0;2026-06-15 21:11
COL-73001-009;Fernando Murillo Orrego;fernandomurilloor71;1703.0;2026-06-15 21:40;murillofer71;704;2026-06-15 21:54;fernandomurilloorrego;6600.0;2026-06-15 21:11
COL-05049-008;Nestor David Restrepo Bonnett;nestor.restrepob;2932.0;2026-06-15 21:40;nestorrestrepob;1629;2026-06-15 21:54;nedarebon;8500.0;2026-06-15 21:11
COL-11001-004;Nicolas Ramos Barbosa;nicolas_ramos_b;17596.0;2026-06-15 21:40;Nicolas_ramos_b;1876;2026-06-15 21:54;;;
COL-52001-006;Nicolas Martin Toro Muñoz;nicolastoro2024;10894.0;2026-06-15 21:40;NicolasToro2024;1937.0;2026-06-15 19:04;nicolastoro24;23000.0;2026-06-15 21:11
COL-52001-003;Nilsa Rocio Villota Rosero;nilsavillotarosero;2054.0;2026-06-15 21:40;NilsaVillotaR;2172;2026-06-15 21:54;NilsaVillotaR;2700.0;2026-06-15 21:11
COL-23001-006;Natalia Eugenia Lopez Fuentes;nlopezfuentes;27994.0;2026-06-15 21:40;nlopezfuentes;4397;2026-06-15 21:54;natalialofuentes;24000.0;2026-06-15 21:11
COL-66170-004;Oscar Mauricio Toro Valencia;omaurotoro;2190.0;2026-06-15 21:40;omauriciotoro;223;2026-06-15 21:54;omaurotoro;20000.0;2026-06-15 21:11
COL-76001-006;Edilson Huerfano Ordoñez;padrehuerfano1;39481.0;2026-06-15 21:40;padrehuerfano;92;2026-06-15 21:54;PadreHuerfano1;32000.0;2026-06-15 21:11
COL-05001-011;Maria Paulina Aguinaga Lezcano;pauaguinaga;3861.0;2026-06-15 21:40;PauAguinaga;11892;2026-06-15 21:54;PaulinaAguinagaL;8800.0;2026-06-15 21:11
COL-17001-010;Paula Andrea Toro Santana;pautorosantana;1882.0;2026-06-15 21:40;pautorosantana;1329;2026-06-15 21:54;pautorosantana;3300.0;2026-06-15 21:11
COL-11001-007;Rafael Alfonso Quintero Mora;rafaelquinterom;2106.0;2026-06-15 21:40;Raquim55;77;2026-06-15 21:54;rafaelquinteromora;909.0;2026-06-15 21:11
COL-05266-001;Raul Eduardo Cardona Gonzalez;raulcardona_envigado;3104.0;2026-06-15 21:40;RaulCardonaENV;6177;2026-06-15 21:54;RaulCardonaEnvigado;30000.0;2026-06-15 21:11
COL-73001-003;Renso Alexander Garcia Parra;renzo.garcia1;10918.0;2026-06-15 21:40;renzogarciap;6200;2026-06-15 21:54;RenzoGarciaP;47000.0;2026-06-15 21:11
COL-66170-003;Roberto Jimenez Naranjo;robertojimenezof;1068.0;2026-06-15 21:40;robertoDdas23;38;2026-06-15 21:54;Robertojimenezdosquebradas;8700.0;2026-06-15 21:11
COL-76001-007;Roberto Ortiz Urueña;robertoortizcali;21826.0;2026-06-15 21:40;robertoortizu;34918;2026-06-15 21:54;robertoortizu;61000.0;2026-06-15 21:11
COL-05001-004;Rodolfo Andres Correa Vargas;rodolfocorreav;12037.0;2026-06-15 21:40;RodolfoCorreaV;14564;2026-06-15 21:54;RodolfoCorreaV7;;
COL-11001-003;Rodrigo Lara Restrepo;soyrodrigolara;17809.0;2026-06-15 21:40;Rodrigo_Lara_;183081;2026-06-15 21:54;RodrigoLaraR;29000.0;2026-06-15 21:11
COL-50001-008;Mario Alberto Romero Arismendy;elmarioromero;1919.0;2026-06-15 21:40;romeromario87;5267;2026-06-15 21:54;elmarioromero;14000.0;2026-06-15 21:11
COL-05151-002;Rosa Maria Acevedo Jaramillo;rosaacevedoj;7046.0;2026-06-15 21:40;RosaAcevedoJ;7299;2026-06-15 21:54;RosaAcevedoJ;27000.0;2026-06-15 21:11
COL-68276-010;Sergio Eduardo Flechas Moreno;sergioflechas;1127.0;2026-06-15 21:40;sergioflechas;876;2026-06-15 21:54;SergioFlechas10;3200.0;2026-06-15 21:11
COL-54001-012;Sergio Andres Maldonado Huertas;sergiomaldonadoh;1445.0;2026-06-15 21:40;sergiomaldoh;3936;2026-06-15 21:54;SergioMaldonadoH;5000.0;2026-06-15 21:11
COL-68001-001;Jaime Andres Beltran Martinez;soyjaimeandres;178127.0;2026-06-15 21:40;soyjaimeandres;33797;2026-06-15 21:54;soyjaimeandres;218000.0;2026-06-15 21:11
COL-54001-013;Jose Leonardo Jacome Carrascal;soyleojacome1;7376.0;2026-06-15 21:40;Soyleojacome_;2736;2026-06-15 21:54;leo.jacome.3532;;
COL-63001-003;Stefany Gomez Murillo;stefanygomezarmenia;2805.0;2026-06-15 21:40;StefanyGomezArm;676;2026-06-15 21:54;stefanygomezarmenia;12000.0;2026-06-15 21:11
COL-66001-007;Reynaldo Steven Cardenas Espinosa;stevencardenas1;2.0;2026-06-15 21:40;Steven_Cardenas;2681;2026-06-15 21:54;stevencardenasconcejal;13000.0;2026-06-15 21:11
COL-66170-005;Tatiana Lopez Saldarriaga;tatianalopezsaldarriaga;8952.0;2026-06-15 21:40;TatianaLopSal;3060;2026-06-15 21:54;TatianaLopezSaldarriagaA;15000.0;2026-06-15 21:11
COL-05001-014;Gilberto Tobon Sanin;profegtobonsanin;14282.0;2026-06-15 21:40;tobonsanin;572804;2026-06-15 21:54;tobonsanin;165000.0;2026-06-15 21:11
COL-15001-001;Vicente Anibal Ojeda Martinez;vicenteaojeda;1557.0;2026-06-15 21:40;vicenteaojeda;2738;2026-06-15 21:54;vaojeda;8200.0;2026-06-15 21:11
COL-76520-007;Victor Manuel Ramos Vergara;victorramospal;30818.0;2026-06-15 21:40;victorramospal;1254;2026-06-15 21:54;victorramospal;57000.0;2026-06-15 21:11
COL-41001-006;Wilker Esneider Bautista Macias;wilkerbautista;1228.0;2026-06-15 21:40;WilkerBautista;245;2026-06-15 21:54;WilkerEsneiderBautista;9300.0;2026-06-15 21:11
COL-13001-002;William Garcia Tirado;williamgarciatd;1479.0;2026-06-15 21:40;williamgarciatd;1981;2026-06-15 21:54;williamrgarciatirado;;
COL-70001-014;Yahir Fernando Acuña Cardales;yahiracunaalcalde;6439.0;2026-06-15 21:40;YahirAcunaCa;3942;2026-06-15 21:54;yahiracunaalcalde;96000.0;2026-06-15 21:11
COL-63001-014;Jose Ignacio Rojas Sepulveda;joseignarojas;1412.0;2026-06-15 21:40;;;;Joseignaciorojasoficial;1700.0;2026-06-15 21:11
COL-41001-004;Yilber Leandro Saavedra;yilbersaavedra.oficial;329.0;2026-06-15 21:40;;;;Yilber.Saavedra.Neiva;17000.0;2026-06-15 21:11
COL-19001-009;Jose Luis Diago Franco;joseluisdiagof;1094.0;2026-06-15 21:40;;;;joseluisdiagof;3500.0;2026-06-15 21:11
COL-19001-001;Diana Nelly Fuentes Meneses;dianafuentesmeneses;718.0;2026-06-15 21:40;;;;dianafuentesmeneses1;3800.0;2026-06-15 21:11
COL-05045-005;Adolfo David Romero Benitez;;;;AdolfoRomeroB;28;2026-06-15 21:54;adolforomerob;25000.0;2026-06-15 21:11
COL-15001-008;John Ernesto Carrero Villamil;;;;John_Carrero;5994;2026-06-15 21:54;;;
COL-44001-006;Jose Alberto Duran Rodriguez;;;;josedurancamara;2836;2026-06-15 21:54;joseduranro;7300.0;2026-06-15 21:11
COL-08001-006;Hassan Fares Hachem;;;;;;;plaza84;215000.0;2026-06-15 21:11
COL-05049-001;Juan Felipe Restrepo Tamayo;;;;;;;feliperestrepot;7000.0;2026-06-15 21:11
COL-68001-012;Luis Roberto Ordoñez Ardila;;;;;;;luisordonez123456;322.0;2026-06-15 21:11
COL-05266-002;Jhony Oswaldo Velez Quintero;;;;;;;jhony.velez.quintero.2025;5000.0;2026-06-15 21:11
COL-05266-003;Sergio Osvaldo Molina Perez;;;;;;;sergiomolinape;2700.0;2026-06-15 21:11
COL-41001-001;Hector Javier Osorio Botello;;;;;;;OsorioBotelloAlcalde;15000.0;2026-06-15 21:11
COL-41001-008;Jorge Andres Gechem Artunduaga;;;;;;;JorgeAndresGA;15000.0;2026-06-15 21:11
COL-70001-003;Diego Mercado Sanabria;;;;;;;DiegoMercadoSanabria;5400.0;2026-06-15 21:11
COL-70001-001;Aldemar Alfaro Rivero;;;;;;;aldemaralfarooficial;19000.0;2026-06-15 21:11
